[
  {
    "name": "Application Start",
    "start": 1589028699917,
    "end": 1589028700300,
    "duration": 383,
    "pid": 12020,
    "index": 0
  },
  {
    "name": "Load Plugin",
    "start": 1589028699921,
    "end": 1589028699937,
    "duration": 16,
    "pid": 12020,
    "index": 1
  },
  {
    "name": "Load Config",
    "start": 1589028699937,
    "end": 1589028699958,
    "duration": 21,
    "pid": 12020,
    "index": 2
  },
  {
    "name": "Require(0) config/config.default.js",
    "start": 1589028699938,
    "end": 1589028699938,
    "duration": 0,
    "pid": 12020,
    "index": 3
  },
  {
    "name": "Require(1) node_modules/egg-session/config/config.default.js",
    "start": 1589028699940,
    "end": 1589028699940,
    "duration": 0,
    "pid": 12020,
    "index": 4
  },
  {
    "name": "Require(2) node_modules/egg-security/config/config.default.js",
    "start": 1589028699940,
    "end": 1589028699941,
    "duration": 1,
    "pid": 12020,
    "index": 5
  },
  {
    "name": "Require(3) node_modules/egg-jsonp/config/config.default.js",
    "start": 1589028699942,
    "end": 1589028699942,
    "duration": 0,
    "pid": 12020,
    "index": 6
  },
  {
    "name": "Require(4) node_modules/egg-onerror/config/config.default.js",
    "start": 1589028699943,
    "end": 1589028699943,
    "duration": 0,
    "pid": 12020,
    "index": 7
  },
  {
    "name": "Require(5) node_modules/egg-i18n/config/config.default.js",
    "start": 1589028699943,
    "end": 1589028699944,
    "duration": 1,
    "pid": 12020,
    "index": 8
  },
  {
    "name": "Require(6) node_modules/egg-watcher/config/config.default.js",
    "start": 1589028699944,
    "end": 1589028699945,
    "duration": 1,
    "pid": 12020,
    "index": 9
  },
  {
    "name": "Require(7) node_modules/egg-schedule/config/config.default.js",
    "start": 1589028699946,
    "end": 1589028699946,
    "duration": 0,
    "pid": 12020,
    "index": 10
  },
  {
    "name": "Require(8) node_modules/egg-multipart/config/config.default.js",
    "start": 1589028699947,
    "end": 1589028699947,
    "duration": 0,
    "pid": 12020,
    "index": 11
  },
  {
    "name": "Require(9) node_modules/egg-development/config/config.default.js",
    "start": 1589028699948,
    "end": 1589028699948,
    "duration": 0,
    "pid": 12020,
    "index": 12
  },
  {
    "name": "Require(10) node_modules/egg-logrotator/config/config.default.js",
    "start": 1589028699949,
    "end": 1589028699949,
    "duration": 0,
    "pid": 12020,
    "index": 13
  },
  {
    "name": "Require(11) node_modules/egg-static/config/config.default.js",
    "start": 1589028699949,
    "end": 1589028699950,
    "duration": 1,
    "pid": 12020,
    "index": 14
  },
  {
    "name": "Require(12) node_modules/egg-view/config/config.default.js",
    "start": 1589028699950,
    "end": 1589028699951,
    "duration": 1,
    "pid": 12020,
    "index": 15
  },
  {
    "name": "Require(13) node_modules/egg-mysql/config/config.default.js",
    "start": 1589028699951,
    "end": 1589028699951,
    "duration": 0,
    "pid": 12020,
    "index": 16
  },
  {
    "name": "Require(14) node_modules/egg/config/config.default.js",
    "start": 1589028699952,
    "end": 1589028699952,
    "duration": 0,
    "pid": 12020,
    "index": 17
  },
  {
    "name": "Require(15) config/config.default.js",
    "start": 1589028699953,
    "end": 1589028699953,
    "duration": 0,
    "pid": 12020,
    "index": 18
  },
  {
    "name": "Require(16) node_modules/egg-security/config/config.local.js",
    "start": 1589028699954,
    "end": 1589028699954,
    "duration": 0,
    "pid": 12020,
    "index": 19
  },
  {
    "name": "Require(17) node_modules/egg-watcher/config/config.local.js",
    "start": 1589028699955,
    "end": 1589028699955,
    "duration": 0,
    "pid": 12020,
    "index": 20
  },
  {
    "name": "Require(18) node_modules/egg-view/config/config.local.js",
    "start": 1589028699957,
    "end": 1589028699957,
    "duration": 0,
    "pid": 12020,
    "index": 21
  },
  {
    "name": "Require(19) node_modules/egg/config/config.local.js",
    "start": 1589028699957,
    "end": 1589028699958,
    "duration": 1,
    "pid": 12020,
    "index": 22
  },
  {
    "name": "Load extend/application.js",
    "start": 1589028699959,
    "end": 1589028699975,
    "duration": 16,
    "pid": 12020,
    "index": 23
  },
  {
    "name": "Require(20) node_modules/egg-session/app/extend/application.js",
    "start": 1589028699959,
    "end": 1589028699960,
    "duration": 1,
    "pid": 12020,
    "index": 24
  },
  {
    "name": "Require(21) node_modules/egg-security/app/extend/application.js",
    "start": 1589028699960,
    "end": 1589028699961,
    "duration": 1,
    "pid": 12020,
    "index": 25
  },
  {
    "name": "Require(22) node_modules/egg-jsonp/app/extend/application.js",
    "start": 1589028699961,
    "end": 1589028699963,
    "duration": 2,
    "pid": 12020,
    "index": 26
  },
  {
    "name": "Require(23) node_modules/egg-logrotator/app/extend/application.js",
    "start": 1589028699965,
    "end": 1589028699970,
    "duration": 5,
    "pid": 12020,
    "index": 27
  },
  {
    "name": "Require(24) node_modules/egg-view/app/extend/application.js",
    "start": 1589028699971,
    "end": 1589028699972,
    "duration": 1,
    "pid": 12020,
    "index": 28
  },
  {
    "name": "Load extend/request.js",
    "start": 1589028699975,
    "end": 1589028699982,
    "duration": 7,
    "pid": 12020,
    "index": 29
  },
  {
    "name": "Require(25) node_modules/egg/app/extend/request.js",
    "start": 1589028699978,
    "end": 1589028699979,
    "duration": 1,
    "pid": 12020,
    "index": 30
  },
  {
    "name": "Load extend/response.js",
    "start": 1589028699982,
    "end": 1589028699989,
    "duration": 7,
    "pid": 12020,
    "index": 31
  },
  {
    "name": "Require(26) node_modules/egg/app/extend/response.js",
    "start": 1589028699985,
    "end": 1589028699986,
    "duration": 1,
    "pid": 12020,
    "index": 32
  },
  {
    "name": "Load extend/context.js",
    "start": 1589028699989,
    "end": 1589028700049,
    "duration": 60,
    "pid": 12020,
    "index": 33
  },
  {
    "name": "Require(27) node_modules/egg-security/app/extend/context.js",
    "start": 1589028699990,
    "end": 1589028700003,
    "duration": 13,
    "pid": 12020,
    "index": 34
  },
  {
    "name": "Require(28) node_modules/egg-jsonp/app/extend/context.js",
    "start": 1589028700003,
    "end": 1589028700004,
    "duration": 1,
    "pid": 12020,
    "index": 35
  },
  {
    "name": "Require(29) node_modules/egg-i18n/app/extend/context.js",
    "start": 1589028700005,
    "end": 1589028700005,
    "duration": 0,
    "pid": 12020,
    "index": 36
  },
  {
    "name": "Require(30) node_modules/egg-multipart/app/extend/context.js",
    "start": 1589028700006,
    "end": 1589028700043,
    "duration": 37,
    "pid": 12020,
    "index": 37
  },
  {
    "name": "Require(31) node_modules/egg-view/app/extend/context.js",
    "start": 1589028700044,
    "end": 1589028700045,
    "duration": 1,
    "pid": 12020,
    "index": 38
  },
  {
    "name": "Require(32) node_modules/egg/app/extend/context.js",
    "start": 1589028700045,
    "end": 1589028700046,
    "duration": 1,
    "pid": 12020,
    "index": 39
  },
  {
    "name": "Load extend/helper.js",
    "start": 1589028700049,
    "end": 1589028700070,
    "duration": 21,
    "pid": 12020,
    "index": 40
  },
  {
    "name": "Require(33) node_modules/egg-security/app/extend/helper.js",
    "start": 1589028700049,
    "end": 1589028700064,
    "duration": 15,
    "pid": 12020,
    "index": 41
  },
  {
    "name": "Require(34) node_modules/egg/app/extend/helper.js",
    "start": 1589028700067,
    "end": 1589028700067,
    "duration": 0,
    "pid": 12020,
    "index": 42
  },
  {
    "name": "Load app.js",
    "start": 1589028700070,
    "end": 1589028700110,
    "duration": 40,
    "pid": 12020,
    "index": 43
  },
  {
    "name": "Require(35) node_modules/egg-session/app.js",
    "start": 1589028700070,
    "end": 1589028700071,
    "duration": 1,
    "pid": 12020,
    "index": 44
  },
  {
    "name": "Require(36) node_modules/egg-security/app.js",
    "start": 1589028700071,
    "end": 1589028700072,
    "duration": 1,
    "pid": 12020,
    "index": 45
  },
  {
    "name": "Require(37) node_modules/egg-onerror/app.js",
    "start": 1589028700073,
    "end": 1589028700081,
    "duration": 8,
    "pid": 12020,
    "index": 46
  },
  {
    "name": "Require(38) node_modules/egg-i18n/app.js",
    "start": 1589028700081,
    "end": 1589028700090,
    "duration": 9,
    "pid": 12020,
    "index": 47
  },
  {
    "name": "Require(39) node_modules/egg-watcher/app.js",
    "start": 1589028700090,
    "end": 1589028700093,
    "duration": 3,
    "pid": 12020,
    "index": 48
  },
  {
    "name": "Require(40) node_modules/egg-schedule/app.js",
    "start": 1589028700094,
    "end": 1589028700095,
    "duration": 1,
    "pid": 12020,
    "index": 49
  },
  {
    "name": "Require(41) node_modules/egg-multipart/app.js",
    "start": 1589028700095,
    "end": 1589028700095,
    "duration": 0,
    "pid": 12020,
    "index": 50
  },
  {
    "name": "Require(42) node_modules/egg-development/app.js",
    "start": 1589028700096,
    "end": 1589028700096,
    "duration": 0,
    "pid": 12020,
    "index": 51
  },
  {
    "name": "Require(43) node_modules/egg-logrotator/app.js",
    "start": 1589028700096,
    "end": 1589028700097,
    "duration": 1,
    "pid": 12020,
    "index": 52
  },
  {
    "name": "Require(44) node_modules/egg-static/app.js",
    "start": 1589028700097,
    "end": 1589028700097,
    "duration": 0,
    "pid": 12020,
    "index": 53
  },
  {
    "name": "Require(45) node_modules/egg-mysql/app.js",
    "start": 1589028700098,
    "end": 1589028700109,
    "duration": 11,
    "pid": 12020,
    "index": 54
  },
  {
    "name": "Before Start in node_modules/egg-watcher/lib/init.js:15:14",
    "start": 1589028700120,
    "end": 1589028700297,
    "duration": 177,
    "pid": 12020,
    "index": 55
  },
  {
    "name": "Before Start in node_modules/egg-mysql/lib/mysql.js:20:7",
    "start": 1589028700202,
    "end": 1589028700299,
    "duration": 97,
    "pid": 12020,
    "index": 56
  },
  {
    "name": "Load Service",
    "start": 1589028700203,
    "end": 1589028700207,
    "duration": 4,
    "pid": 12020,
    "index": 57
  },
  {
    "name": "Load \"service\" to Context",
    "start": 1589028700203,
    "end": 1589028700207,
    "duration": 4,
    "pid": 12020,
    "index": 58
  },
  {
    "name": "Load Middleware",
    "start": 1589028700207,
    "end": 1589028700277,
    "duration": 70,
    "pid": 12020,
    "index": 59
  },
  {
    "name": "Load \"middlewares\" to Application",
    "start": 1589028700207,
    "end": 1589028700269,
    "duration": 62,
    "pid": 12020,
    "index": 60
  },
  {
    "name": "Load Controller",
    "start": 1589028700277,
    "end": 1589028700278,
    "duration": 1,
    "pid": 12020,
    "index": 61
  },
  {
    "name": "Load \"controller\" to Application",
    "start": 1589028700277,
    "end": 1589028700278,
    "duration": 1,
    "pid": 12020,
    "index": 62
  },
  {
    "name": "Load Router",
    "start": 1589028700279,
    "end": 1589028700280,
    "duration": 1,
    "pid": 12020,
    "index": 63
  },
  {
    "name": "Require(46) app/router.js",
    "start": 1589028700279,
    "end": 1589028700279,
    "duration": 0,
    "pid": 12020,
    "index": 64
  },
  {
    "name": "Before Start in node_modules/egg-core/lib/egg.js:303:10",
    "start": 1589028700279,
    "end": 1589028700289,
    "duration": 10,
    "pid": 12020,
    "index": 65
  }
]