[
  {
    "name": null,
    "methods": [
      "HEAD",
      "GET"
    ],
    "paramNames": [],
    "path": "/",
    "regexp": "/^(?:\\/(?=$))?$/",
    "stack": [
      "wrappedController"
    ]
  },
  {
    "name": null,
    "methods": [
      "POST"
    ],
    "paramNames": [],
    "path": "/token",
    "regexp": "/^\\/token(?:\\/(?=$))?$/",
    "stack": [
      "auth",
      "wrappedController"
    ]
  },
  {
    "name": null,
    "methods": [
      "POST"
    ],
    "paramNames": [],
    "path": "/buyflag",
    "regexp": "/^\\/buyflag(?:\\/(?=$))?$/",
    "stack": [
      "auth",
      "wrappedController"
    ]
  }
]